{
  "generated_at": "2026-03-05T03:10:52.060780+00:00",
  "history_rows": 2083,
  "eval_races": [
    "R0131",
    "R0132",
    "R0133",
    "R0134",
    "R0135",
    "R0136",
    "R0137",
    "R0138",
    "R0139",
    "R0140",
    "R0141",
    "R0142",
    "R0143",
    "R0144",
    "R0145",
    "R0146",
    "R0147",
    "R0148",
    "R0149",
    "R0150",
    "R0151",
    "R0152",
    "R0153",
    "R0154",
    "R0155",
    "R0156",
    "R0157",
    "R0158",
    "R0159",
    "R0160"
  ],
  "trials": 40,
  "simulations": 1500,
  "best_eval": {
    "roi": 0.13733333333333336,
    "hit_rate": 0.7,
    "bets": 30,
    "profit": 4.120000000000001
  },
  "base_weights": {
    "horse_win": 1.7,
    "horse_place": 1.35,
    "jockey_win": 1.1,
    "jockey_place": 0.7,
    "trainer_win": 0.9,
    "trainer_place": 0.6,
    "weather_place": 0.8,
    "track_place": 0.8,
    "gate_place": 0.5,
    "distance_fit": 0.8,
    "form_score": 0.8,
    "condition_score": 0.9,
    "paddock_score": 0.7,
    "weight_diff_score": 0.4,
    "odds_shift_score": 0.4,
    "market_score": 0.55
  },
  "best_weights": {
    "horse_win": 1.7,
    "horse_place": 1.35,
    "jockey_win": 1.1,
    "jockey_place": 0.7,
    "trainer_win": 0.9,
    "trainer_place": 0.6,
    "weather_place": 1.4518345647192714,
    "track_place": 0.6356343378335103,
    "gate_place": 0.5,
    "distance_fit": 1.011701357198746,
    "form_score": 0.6212863692835039,
    "condition_score": 1.1682184872884835,
    "paddock_score": 0.7796667661809693,
    "weight_diff_score": 0.3828357077889037,
    "odds_shift_score": 0.39546055186377777,
    "market_score": 0.45786653049307957
  }
}